dataset,algorithm,status,n_samples,n_features,true_k,ari,ami,nmi,silhouette,n_pred_clusters,time_seconds
Synthetic 2-D: fcps__twodiamonds,deltric,ok,800,2,2,0.0,0.0,0.0,,1,18.91
Synthetic 2-D: fcps__twodiamonds,hdbscan,ok,800,2,2,0.6067538779386683,0.6044968433516363,0.6055654606372581,,4,0.078632
Synthetic 2-D: fcps__twodiamonds,kmeans--,ok,800,2,2,1.0,1.0,1.0,,2,0.524396
Synthetic 2-D: graves__ring_noisy,deltric,ok,1050,2,3,0.5689781970532795,0.5585392167628012,0.5623659051546906,,39,8.68
Synthetic 2-D: graves__ring_noisy,hdbscan,ok,1050,2,3,0.9576270392964984,0.9160025671435977,0.916210202583786,,2,0.079201
Synthetic 2-D: graves__ring_noisy,kmeans--,ok,1050,2,3,0.3278711766180271,0.3638932369314863,0.3653208903326169,,3,0.401372
Synthetic 2-D: sipu__spiral,deltric,ok,312,2,3,1.0,1.0,1.0,,3,8.25
Synthetic 2-D: sipu__spiral,hdbscan,ok,312,2,3,0.495831250401812,0.6060251776289591,0.6091215905319851,,3,0.059328
Synthetic 2-D: sipu__spiral,kmeans--,ok,312,2,3,-0.005867479447117349,-0.005428581671974861,0.0004937535669545755,,3,0.592795
Synthetic 2-D: wut__cross,deltric,ok,2000,2,4,0.007531909036398026,0.1027706571698874,0.10720456517028047,,25,9.48
Synthetic 2-D: wut__cross,hdbscan,ok,2000,2,4,0.0509532239259659,0.3826341826867783,0.3943149845498457,,54,0.079264
Synthetic 2-D: wut__cross,kmeans--,ok,2000,2,4,0.10892439510479873,0.36415761173433814,0.36540226335026504,,4,0.438413
Synthetic 2-D: wut__graph,deltric,ok,2500,2,10,0.529154228216376,0.6717923146319296,0.6817091171548888,,82,10.83
Synthetic 2-D: wut__graph,hdbscan,ok,2500,2,10,0.4054361632398992,0.5930432749113702,0.605050483591278,,36,0.086417
Synthetic 2-D: wut__graph,kmeans--,ok,2500,2,10,0.4418983338827541,0.6373536028598739,0.6400322999222118,,10,0.899874
Curated 2-D: sipu__aggregation,deltric,ok,788,2,7,0.9076746866650636,0.9440458064690662,0.9447330851533685,,6,15.9
Curated 2-D: sipu__aggregation,hdbscan,ok,788,2,7,0.8266938072768673,0.8984314101502598,0.8999458355130661,,6,0.06352
Curated 2-D: sipu__aggregation,kmeans--,ok,788,2,7,0.7274640747581059,0.8334854738023242,0.8356980701440501,,7,0.69258
Curated 2-D: sipu__compound,deltric,ok,399,2,6,0.8690735767396247,0.8564460030360818,0.8590554968215485,,4,8.28
Curated 2-D: sipu__compound,hdbscan,ok,399,2,6,0.7890233298020592,0.7965628911652167,0.7994073182506127,,3,0.06837
Curated 2-D: sipu__compound,kmeans--,ok,399,2,6,0.5598905244939132,0.7127764987559377,0.7185359407121356,,6,0.338362
Curated 2-D: sipu__flame,deltric,ok,240,2,2,0.9063300472740199,0.8406542856034286,0.8418215893023859,,2,7.72
Curated 2-D: sipu__flame,hdbscan,ok,240,2,2,0.5299364718702293,0.538552909327503,0.5408346484379193,,2,0.057743
Curated 2-D: sipu__flame,kmeans--,ok,240,2,2,0.40944024485706926,0.36808072242261924,0.3700478781497281,,2,0.331088
Curated 2-D: sipu__jain,deltric,ok,373,2,2,0.6559780923542702,0.5885548557947415,0.5915400944690614,,16,7.45
Curated 2-D: sipu__jain,hdbscan,ok,373,2,2,0.896069067301582,0.7713407037428405,0.7727000761084022,,3,0.069965
Curated 2-D: sipu__jain,kmeans--,ok,373,2,2,0.552751161834573,0.5097629848341766,0.5108315717226246,,2,0.413288
Curated 2-D: sipu__pathbased,deltric,ok,300,2,3,0.5427467180167955,0.5998323298198764,0.6065709705840832,,4,7.92
Curated 2-D: sipu__pathbased,hdbscan,ok,300,2,3,0.6394296654426732,0.6492932389588096,0.6522792542017148,,3,0.070064
Curated 2-D: sipu__pathbased,kmeans--,ok,300,2,3,0.4797415258613849,0.5577829862532562,0.5606538556651895,,3,0.685833
Synthetic multi-D: fcps__atom,deltric,ok,800,3,2,0.7497084613339441,0.799756448136139,0.8000461719842117,,3,20.9
Synthetic multi-D: fcps__atom,hdbscan,ok,800,3,2,1.0,1.0,1.0,,2,0.072208
Synthetic multi-D: fcps__atom,kmeans--,ok,800,3,2,0.17782042077480448,0.28892406590641456,0.2896617175264994,,2,0.914345
Synthetic multi-D: fcps__chainlink,deltric,ok,1000,3,2,0.07143708004563934,0.3300240077966972,0.335866584532987,,36,17.55
Synthetic multi-D: fcps__chainlink,hdbscan,ok,1000,3,2,1.0,1.0,1.0,,2,0.06009
Synthetic multi-D: fcps__chainlink,kmeans--,ok,1000,3,2,-0.0008057715140202661,-0.0005814653175003159,0.0001413956598533191,,2,0.279683
Synthetic multi-D: fcps__hepta,deltric,ok,212,3,7,0.8643244916277312,0.9255711482163222,0.9306802324827411,,10,17.02
Synthetic multi-D: fcps__hepta,hdbscan,ok,212,3,7,1.0,1.0,1.0,,7,0.060529
Synthetic multi-D: fcps__hepta,kmeans--,ok,212,3,7,1.0,1.0,1.0,,7,0.260994
Synthetic multi-D: fcps__tetra,deltric,ok,400,3,4,0.9933165272203728,0.9898081557479034,0.9898917498726852,,4,16.84
Synthetic multi-D: fcps__tetra,hdbscan,ok,400,3,4,0.35948697059307577,0.5641008412554719,0.5687476721772105,,4,0.068275
Synthetic multi-D: fcps__tetra,kmeans--,ok,400,3,4,1.0,1.0,1.0,,4,0.495573
Synthetic multi-D: g2mg__g2mg_128_60,deltric,ok,2048,128,2,0.0,0.0,0.0,,266,18.62
Synthetic multi-D: g2mg__g2mg_128_60,hdbscan,ok,2048,128,2,0.0,0.0,0.0,,0,0.428168
Synthetic multi-D: g2mg__g2mg_128_60,kmeans--,ok,2048,128,2,0.5290830529886362,0.42559110218388907,0.4257935747231103,,2,0.466381
Synthetic multi-D: g2mg__g2mg_32_30,deltric,ok,2048,32,2,0.910265969807794,0.84495598308741,0.845010639601439,,2,24.47
Synthetic multi-D: g2mg__g2mg_32_30,hdbscan,ok,2048,32,2,0.003348146542841322,0.07991633340931499,0.08085996227656683,,2,0.154263
Synthetic multi-D: g2mg__g2mg_32_30,kmeans--,ok,2048,32,2,0.9441341235401651,0.8927187161450073,0.8927565305219942,,2,0.309539
Synthetic multi-D: h2mg__h2mg_64_50,deltric,ok,2048,64,2,0.5830250368953267,0.4581803778993984,0.45853447762147653,,3,20.09
Synthetic multi-D: h2mg__h2mg_64_50,hdbscan,ok,2048,64,2,0.035138594937262985,0.19860260774001826,0.19920370481765157,,2,0.256105
Synthetic multi-D: h2mg__h2mg_64_50,kmeans--,ok,2048,64,2,0.6040699044248153,0.49603548368579253,0.49621312655378336,,2,0.745813
Synthetic multi-D: wut__mk3,deltric,ok,600,3,3,0.7851020435035236,0.7930203771194017,0.793655075911469,,3,15.46
Synthetic multi-D: wut__mk3,hdbscan,ok,600,3,3,0.5292577114260378,0.633613810498913,0.6349280258952974,,2,0.069854
Synthetic multi-D: wut__mk3,kmeans--,ok,600,3,3,0.890987693795644,0.8620425124480218,0.8624630205207828,,3,0.393035
Synthetic multi-D: wut__mk4,deltric,ok,1500,3,3,1.0,1.0,1.0,,3,16.69
Synthetic multi-D: wut__mk4,hdbscan,ok,1500,3,3,0.46435860025406256,0.5479459390552429,0.5523386819922186,,26,0.081563
Synthetic multi-D: wut__mk4,kmeans--,ok,1500,3,3,0.40164447613396786,0.5194887598990134,0.5200981998220606,,3,0.353312
Synthetic multi-D: wut__trapped_lovers,deltric,ok,5000,3,3,0.32026115526674065,0.5353648238248919,0.5382657774597751,,49,27.74
Synthetic multi-D: wut__trapped_lovers,hdbscan,ok,5000,3,3,1.0,1.0,1.0,,3,0.119549
Synthetic multi-D: wut__trapped_lovers,kmeans--,ok,5000,3,3,0.16601887572957316,0.38995790216302323,0.39020222914676717,,3,1.172196
Real multi-D: fashion_mnist,deltric,ok,5000,784,10,0.4255805698771281,0.6199671459563793,0.6214957586810564,,3,43.58
Real multi-D: fashion_mnist,hdbscan,ok,5000,784,10,0.053782101080949746,0.12166879690296134,0.12279517478885371,,2,17.932479
Real multi-D: fashion_mnist,kmeans--,ok,5000,784,10,0.32722072032964117,0.5021474359460399,0.5039542992043924,,10,5.021975
Real multi-D: har,deltric,ok,5000,561,6,0.5345293443467163,0.6483769445490888,0.6513748461948947,,23,32.18
Real multi-D: har,hdbscan,ok,5000,561,6,0.2553887498967172,0.39790206514881205,0.3985888010377246,,3,12.401483
Real multi-D: har,kmeans--,ok,5000,561,6,0.42298662086415195,0.562224664528982,0.5628630691235949,,6,2.825069
Real multi-D: letter,deltric,ok,5000,16,26,0.07811977489029213,0.46493487830911484,0.5121640798541084,,107,30.94
Real multi-D: letter,hdbscan,ok,5000,16,26,0.0009702329347552361,0.02231101669657092,0.02520909296903788,,2,0.440529
Real multi-D: letter,kmeans--,ok,5000,16,26,0.15369766710751245,0.37039437260827884,0.383008883309332,,26,1.359167
Real multi-D: mnist__digits,deltric,ok,3000,784,10,0.4058286482547116,0.6219073875499498,0.6234240997664756,,3,21.62
Real multi-D: mnist__digits,hdbscan,ok,3000,784,10,0.04757617241302614,0.20355617220024466,0.20632466582137363,,3,5.703604
Real multi-D: mnist__digits,kmeans--,ok,3000,784,10,0.3093491443605606,0.4278253835160962,0.4313064041710134,,10,5.48712
Real multi-D: pendigits,deltric,ok,5000,16,10,0.7520133157831054,0.8291212650134107,0.8315902349449396,,35,32.07
Real multi-D: pendigits,hdbscan,ok,5000,16,10,0.0002030618892389823,0.010090526763563763,0.01184905128572101,,2,0.405949
Real multi-D: pendigits,kmeans--,ok,5000,16,10,0.5333602738138741,0.6819042623108548,0.6830564925505853,,10,0.842832
Real multi-D: satimage,deltric,ok,5000,36,6,0.42638076413287307,0.5750689790676876,0.5782764496778852,,13,26.04
Real multi-D: satimage,hdbscan,ok,5000,36,6,0.0955256220289346,0.27714465613837275,0.27781332192244196,,2,0.556346
Real multi-D: satimage,kmeans--,ok,5000,36,6,0.5294285455053203,0.6106734843997066,0.6112359411325436,,6,0.992773
Real multi-D: segment,deltric,ok,2310,19,7,0.3172314510198798,0.5644610942618741,0.5805391527988294,,79,20.41
Real multi-D: segment,hdbscan,ok,2310,19,7,0.40819739956812706,0.6057887236530958,0.609527094701275,,15,0.173149
Real multi-D: segment,kmeans--,ok,2310,19,7,0.46045841574338936,0.5821098626648398,0.5839993012366005,,7,0.304025
Real multi-D: shuttle,deltric,ok,5000,9,7,0.005142841793641735,0.19388314437398418,0.21206179834270447,,230,30.97
Real multi-D: shuttle,hdbscan,ok,5000,9,7,0.13108954154737554,0.35339331736635016,0.3572755368449538,,26,0.456607
Real multi-D: shuttle,kmeans--,ok,5000,9,7,0.4683364054330489,0.3814256040513659,0.3829914767742197,,7,1.018189
Real multi-D: vehicle,deltric,ok,846,18,4,0.008262307658944437,0.09642652455314213,0.10163970537961983,,3,14.87
Real multi-D: vehicle,hdbscan,ok,846,18,4,0.07744096782922885,0.13211927441905497,0.13602975042808924,,3,0.089787
Real multi-D: vehicle,kmeans--,ok,846,18,4,0.07406727403700203,0.1102037285121982,0.11418999131542545,,4,0.291062
Real multi-D: waveform,deltric,ok,5000,40,3,0.0,0.0,0.0,,1,40.89
Real multi-D: waveform,hdbscan,ok,5000,40,3,0.0,0.0,0.0,,0,0.568842
Real multi-D: waveform,kmeans--,ok,5000,40,3,0.25175028656217446,0.3644000781605607,0.3646320902483323,,3,0.392388
